20251118,BWyxGLWPQiE,https://www.youtube.com/watch?v=BWyxGLWPQiE,nl
20251117,2WLVQdHvgEY,https://www.youtube.com/watch?v=2WLVQdHvgEY,nl
20251117,4YONk4tprYc,https://www.youtube.com/watch?v=4YONk4tprYc,nl
20251117,AZ-GlwcTkX0,https://www.youtube.com/watch?v=AZ-GlwcTkX0,nl
20251117,DwQTssfs-Ek,https://www.youtube.com/watch?v=DwQTssfs-Ek,nl
20251117,H-koo3hyFJo,https://www.youtube.com/watch?v=H-koo3hyFJo,nl
20251117,JVutbJLB8Wg,https://www.youtube.com/watch?v=JVutbJLB8Wg,nl
20251117,P3LLQk0QtQs,https://www.youtube.com/watch?v=P3LLQk0QtQs,nl
20251117,-QUKVWnhNyg,https://www.youtube.com/watch?v=-QUKVWnhNyg,nl
20251117,xIBDoUwloJA,https://www.youtube.com/watch?v=xIBDoUwloJA,nl
20251117,Z4nNc8u8CfA,https://www.youtube.com/watch?v=Z4nNc8u8CfA,nl
20251117,4_ESBwoXbbA,https://www.youtube.com/watch?v=4_ESBwoXbbA,nl
20251117,aYeWoeMcDv4,https://www.youtube.com/watch?v=aYeWoeMcDv4,nl
20251117,BlmsjBSaLVE,https://www.youtube.com/watch?v=BlmsjBSaLVE,nl
20251117,ecwoviD6_Cg,https://www.youtube.com/watch?v=ecwoviD6_Cg,nl
20251117,ihrxJzQd0Mw,https://www.youtube.com/watch?v=ihrxJzQd0Mw,nl
20251117,MyUWDw8SIDY,https://www.youtube.com/watch?v=MyUWDw8SIDY,nl
20251117,pXQkkDwjqCU,https://www.youtube.com/watch?v=pXQkkDwjqCU,nl
20251117,SJg04hYAf4Y,https://www.youtube.com/watch?v=SJg04hYAf4Y,nl
20251117,yxer1LiCkRg,https://www.youtube.com/watch?v=yxer1LiCkRg,nl
20251117,z7gre0UkA1I,https://www.youtube.com/watch?v=z7gre0UkA1I,nl
Tue 18 Nov 2025 10:20:03 AM CET,Nf1rQWTSgro,https://www.youtube.com/watch?v=Nf1rQWTSgro,en
Tue 18 Nov 2025 10:26:05 AM CET,W2GhN3y55Hg,https://www.youtube.com/watch?v=W2GhN3y55Hg,en
Tue 18 Nov 2025 10:31:02 AM CET,0GuSCQ58KuU,https://www.youtube.com/watch?v=0GuSCQ58KuU,en
Tue 18 Nov 2025 10:32:24 AM CET,Uycea4tbNtE,https://www.youtube.com/watch?v=Uycea4tbNtE,en
Tue 18 Nov 2025 10:33:33 AM CET,0g8feufrYac,https://www.youtube.com/watch?v=0g8feufrYac,en
Tue 18 Nov 2025 10:38:28 AM CET,jZsRIcdYRgU,https://www.youtube.com/watch?v=jZsRIcdYRgU,en
Tue 18 Nov 2025 10:38:47 AM CET,zdnTRs_8pPk,https://www.youtube.com/watch?v=zdnTRs_8pPk,nl
Tue 18 Nov 2025 10:41:16 AM CET,uGQx-8ciWmQ,https://www.youtube.com/watch?v=uGQx-8ciWmQ,nl
Tue 18 Nov 2025 10:41:54 AM CET,B75uzPgUSwo,https://www.youtube.com/watch?v=B75uzPgUSwo,nl
Tue 18 Nov 2025 10:42:39 AM CET,0QqMAEnMXgg,https://www.youtube.com/watch?v=0QqMAEnMXgg,nl
Tue 18 Nov 2025 10:43:03 AM CET,2l9nVB_ONSM,https://www.youtube.com/watch?v=2l9nVB_ONSM,nl
Tue 18 Nov 2025 10:45:26 AM CET,jyRO0LWuV1k,https://www.youtube.com/watch?v=jyRO0LWuV1k,nl
Tue 18 Nov 2025 10:51:40 AM CET,Y7GkxlNBiuA,https://www.youtube.com/watch?v=Y7GkxlNBiuA,nl
