https://www.youtube.com/watch?v=Nf1rQWTSgro,en
https://www.youtube.com/watch?v=W2GhN3y55Hg,en
https://www.youtube.com/watch?v=0GuSCQ58KuU,en
https://www.youtube.com/watch?v=Uycea4tbNtE,en
https://www.youtube.com/watch?v=0g8feufrYac,en
https://www.youtube.com/watch?v=jZsRIcdYRgU,en
https://www.youtube.com/watch?v=zdnTRs_8pPk,nl
https://www.youtube.com/watch?v=uGQx-8ciWmQ,nl
https://www.youtube.com/watch?v=B75uzPgUSwo,nl
https://www.youtube.com/watch?v=0QqMAEnMXgg,nl
https://www.youtube.com/watch?v=2l9nVB_ONSM,nl
https://www.youtube.com/watch?v=jyRO0LWuV1k,nl
https://www.youtube.com/watch?v=Y7GkxlNBiuA,nl
